name,teams,games_played,goals,assists,pts,pp_goals,sh_goals,shots_on_goal,loose_ball,penalty_minutes,turn_over,cause_turn_over,blocked_shots,face_off_wins
Jeff Teat,New York Riptide, 15 , 47 , 61 , 108 , 7 , 1 , 188 , 86 , 4 , 67 , 2 , 2 , 0 
Josh Byrne,Buffalo Bandits, 14 , 42 , 59 , 101 , 4 , 1 , 179 , 57 , 12 , 49 , 11 , 0 , 0 
Dhane Smith,Buffalo Bandits, 14 , 20 , 77 , 97 , 4 , 2 , 118 , 91 , 8 , 64 , 14 , 1 , 0 
Connor Fields,Rochester Knighthawks, 13 , 41 , 53 , 94 , 9 , 1 , 199 , 121 , 6 , 46 , 7 , 0 , 0 
Wesley Berg,San Diego Seals, 15 , 34 , 56 , 90 , 8 , 1 , 140 , 82 , 16 , 37 , 3 , 0 , 0 
Austin Staats,San Diego Seals, 15 , 43 , 44 , 87 , 9 , 2 , 198 , 80 , 21 , 41 , 2 , 0 , 0 
Clarke Petterson,Halifax Thunderbirds, 15 , 34 , 49 , 83 , 5 , 0 , 131 , 73 , 10 , 45 , 7 , 1 , 0 
Will Malcom,Panther City Lacrosse Club, 14 , 31 , 51 , 82 , 5 , 1 , 126 , 81 , 0 , 51 , 7 , 0 , 0 
Jesse King,Calgary Roughnecks, 14 , 25 , 57 , 82 , 6 , 0 , 117 , 69 , 8 , 60 , 8 , 0 , 0 
Mark Matthews,Toronto Rock, 15 , 25 , 57 , 82 , 9 , 1 , 104 , 52 , 6 , 41 , 2 , 0 , 0 
Mitch Jones,Philadelphia Wings, 13 , 24 , 58 , 82 , 9 , 0 , 92 , 88 , 0 , 51 , 4 , 0 , 0 
Ryan Smith,Rochester Knighthawks, 13 , 39 , 42 , 81 , 8 , 0 , 134 , 53 , 4 , 27 , 8 , 0 , 0 
Alex Simmons,Albany FireWolves, 15 , 31 , 50 , 81 , 4 , 1 , 188 , 71 , 4 , 42 , 4 , 0 , 0 
Lyle Thompson,Georgia Swarm, 16 , 38 , 39 , 77 , 5 , 1 , 170 , 97 , 8 , 44 , 4 , 1 , 1 
Shayne Jackson,Georgia Swarm, 16 , 25 , 51 , 76 , 6 , 0 , 113 , 47 , 12 , 33 , 0 , 1 , 0 
Eli McLaughlin,Colorado Mammoth, 14 , 36 , 39 , 75 , 8 , 2 , 158 , 52 , 0 , 37 , 6 , 0 , 0 
Robert Church,Saskatchewan Rush, 13 , 37 , 37 , 74 , 12 , 0 , 151 , 47 , 2 , 48 , 3 , 0 , 0 
Keegan Bal,Vancouver Warriors, 14 , 33 , 41 , 74 , 12 , 1 , 147 , 51 , 2 , 48 , 3 , 1 , 0 
Adam Charalambides,Vancouver Warriors, 14 , 28 , 46 , 74 , 4 , 1 , 119 , 63 , 4 , 54 , 1 , 2 , 0 
Andrew Kew,Georgia Swarm, 15 , 30 , 43 , 73 , 7 , 2 , 133 , 78 , 0 , 32 , 0 , 0 , 0 
Joe Resetarits,Philadelphia Wings, 13 , 27 , 45 , 72 , 7 , 0 , 113 , 60 , 0 , 33 , 0 , 0 , 0 
Callum Crawford,Panther City Lacrosse Club, 12 , 32 , 39 , 71 , 10 , 1 , 126 , 46 , 4 , 41 , 3 , 0 , 0 
Ethan Walker,Albany FireWolves, 15 , 27 , 43 , 70 , 6 , 0 , 119 , 72 , 2 , 33 , 1 , 0 , 0 
Austin Shanks,Halifax Thunderbirds, 14 , 19 , 51 , 70 , 3 , 0 , 132 , 51 , 10 , 47 , 1 , 1 , 0 
Rob Hellyer,Las Vegas Desert Dogs, 14 , 20 , 49 , 69 , 2 , 2 , 105 , 46 , 2 , 36 , 3 , 1 , 0 
Tyler Pace,Calgary Roughnecks, 14 , 28 , 40 , 68 , 9 , 1 , 117 , 56 , 6 , 45 , 3 , 0 , 0 
Connor Kearnan,New York Riptide, 15 , 22 , 46 , 68 , 2 , 1 , 98 , 61 , 8 , 52 , 1 , 0 , 0 
Ryan Benesch,Halifax Thunderbirds, 15 , 39 , 28 , 67 , 8 , 0 , 125 , 79 , 6 , 45 , 3 , 1 , 0 
Jonathan Donville,Panther City Lacrosse Club, 14 , 25 , 41 , 66 , 3 , 1 , 130 , 50 , 0 , 34 , 2 , 1 , 0 
Ryan Keenan,Saskatchewan Rush, 13 , 24 , 42 , 66 , 5 , 2 , 107 , 50 , 4 , 41 , 4 , 0 , 0 
Tye Kurtz,Albany FireWolves, 15 , 29 , 35 , 64 , 4 , 2 , 126 , 95 , 4 , 31 , 4 , 0 , 0 
Dane Dobbie,San Diego Seals, 15 , 21 , 43 , 64 , 8 , 1 , 129 , 41 , 6 , 52 , 5 , 1 , 0 
Ryan Lanchbury,Rochester Knighthawks, 12 , 16 , 48 , 64 , 1 , 0 , 95 , 49 , 4 , 34 , 1 , 0 , 0 
Corey Small,Toronto Rock, 15 , 33 , 29 , 62 , 11 , 0 , 113 , 36 , 4 , 24 , 0 , 0 , 0 
Reilly OConnor,New York Riptide, 15 , 13 , 48 , 61 , 4 , 0 , 100 , 60 , 8 , 22 , 1 , 0 , 0 
Zach Manns,Saskatchewan Rush, 13 , 26 , 34 , 60 , 2 , 2 , 83 , 46 , 2 , 41 , 1 , 2 , 0 
Jack Hannah,Las Vegas Desert Dogs, 14 , 23 , 36 , 59 , 5 , 1 , 111 , 52 , 2 , 34 , 2 , 1 , 0 
Curtis Dickson,San Diego Seals, 12 , 24 , 33 , 57 , 4 , 2 , 118 , 58 , 2 , 40 , 1 , 0 , 0 
Tom Schreiber,Toronto Rock, 10 , 16 , 41 , 57 , 1 , 0 , 92 , 53 , 6 , 24 , 2 , 1 , 0 
Casey Jackson,Las Vegas Desert Dogs, 14 , 35 , 21 , 56 , 9 , 0 , 131 , 54 , 10 , 39 , 1 , 0 , 0 
Travis Longboat,Albany FireWolves, 15 , 24 , 31 , 55 , 3 , 1 , 88 , 56 , 4 , 25 , 3 , 2 , 0 
Ryan Martel,Vancouver Warriors, 14 , 23 , 32 , 55 , 4 , 1 , 89 , 50 , 12 , 24 , 6 , 1 , 17 
Larson Sundown,New York Riptide, 15 , 28 , 25 , 53 , 8 , 1 , 72 , 25 , 4 , 23 , 2 , 1 , 0 
Chris Boushy,Toronto Rock, 14 , 25 , 28 , 53 , 9 , 0 , 120 , 39 , 28 , 55 , 3 , 0 , 0 
Chris Cloutier,Buffalo Bandits, 14 , 24 , 28 , 52 , 3 , 1 , 91 , 51 , 2 , 31 , 2 , 0 , 0 
Tanner Cook,Calgary Roughnecks, 14 , 21 , 30 , 51 , 4 , 0 , 117 , 41 , 16 , 32 , 4 , 1 , 0 
Ben McIntosh,Philadelphia Wings, 13 , 21 , 30 , 51 , 6 , 0 , 94 , 36 , 0 , 31 , 0 , 0 , 0 
Kiel Matisz,New York Riptide, 13 , 20 , 31 , 51 , 8 , 0 , 82 , 47 , 2 , 29 , 5 , 1 , 0 
Connor Robinson,Colorado Mammoth, 14 , 17 , 34 , 51 , 2 , 0 , 100 , 59 , 11 , 32 , 2 , 0 , 0 
Seth Oakes,Georgia Swarm, 16 , 23 , 27 , 50 , 1 , 2 , 96 , 41 , 0 , 34 , 4 , 0 , 0 
Cody Jamieson,Halifax Thunderbirds, 15 , 16 , 33 , 49 , 7 , 0 , 77 , 60 , 14 , 33 , 3 , 0 , 0 
Dan Craig,Toronto Rock, 12 , 21 , 27 , 48 , 1 , 0 , 69 , 44 , 6 , 21 , 5 , 0 , 0 
Tre Leclaire,San Diego Seals, 15 , 19 , 29 , 48 , 6 , 0 , 69 , 66 , 7 , 18 , 5 , 2 , 0 
Dawson Theede,Halifax Thunderbirds, 15 , 25 , 22 , 47 , 4 , 0 , 106 , 61 , 31 , 54 , 5 , 0 , 0 
Kevin Crowley,Vancouver Warriors, 14 , 21 , 26 , 47 , 2 , 2 , 103 , 49 , 2 , 38 , 2 , 1 , 0 
Connor Kelly,Colorado Mammoth, 11 , 25 , 21 , 46 , 2 , 1 , 98 , 32 , 6 , 48 , 4 , 0 , 0 
Thomas McConvey,Rochester Knighthawks, 13 , 25 , 20 , 45 , 6 , 0 , 95 , 69 , 4 , 19 , 2 , 0 , 0 
Brendan Bomberry,Georgia Swarm, 16 , 16 , 29 , 45 , 4 , 0 , 64 , 49 , 14 , 28 , 2 , 2 , 0 
Zack Greer,Las Vegas Desert Dogs, 12 , 16 , 29 , 45 , 4 , 1 , 87 , 36 , 8 , 30 , 2 , 0 , 0 
Zed Williams,Colorado Mammoth, 13 , 21 , 23 , 44 , 4 , 1 , 105 , 55 , 18 , 36 , 3 , 1 , 0 
Chase Fraser,Buffalo Bandits, 13 , 24 , 18 , 42 , 5 , 0 , 112 , 46 , 17 , 20 , 3 , 0 , 3 
Riley Loewen,Vancouver Warriors, 13 , 13 , 29 , 42 , 0 , 0 , 46 , 31 , 2 , 23 , 2 , 1 , 0 
Tyson Gibson,Colorado Mammoth, 14 , 18 , 23 , 41 , 5 , 0 , 75 , 52 , 0 , 36 , 1 , 1 , 0 
Marshall Powless,Albany FireWolves, 14 , 12 , 28 , 40 , 2 , 0 , 61 , 48 , 2 , 28 , 2 , 1 , 1 
Jason Knox,Panther City Lacrosse Club, 13 , 17 , 20 , 37 , 3 , 0 , 72 , 32 , 2 , 16 , 4 , 0 , 0 
Randy Staats,Halifax Thunderbirds, 7 , 16 , 21 , 37 , 4 , 1 , 71 , 22 , 4 , 21 , 1 , 0 , 0 
Holden Cattoni,Philadelphia Wings, 8 , 15 , 22 , 37 , 6 , 1 , 65 , 26 , 6 , 16 , 0 , 0 , 0 
Sam Firth,Albany FireWolves, 15 , 15 , 22 , 37 , 3 , 1 , 52 , 19 , 2 , 18 , 1 , 0 , 0 
Phil Caputo,Panther City Lacrosse Club, 14 , 22 , 14 , 36 , 6 , 0 , 87 , 51 , 0 , 20 , 0 , 0 , 0 
Kyle Waters,Rochester Knighthawks, 13 , 17 , 18 , 35 , 3 , 0 , 74 , 29 , 2 , 16 , 2 , 0 , 0 
Clark Walter,Saskatchewan Rush, 13 , 11 , 24 , 35 , 4 , 2 , 54 , 45 , 2 , 14 , 1 , 3 , 0 
Haiden Dickson,Calgary Roughnecks, 14 , 20 , 14 , 34 , 1 , 0 , 73 , 50 , 7 , 32 , 3 , 0 , 0 
Kyle Buchanan,Buffalo Bandits, 14 , 17 , 17 , 34 , 4 , 0 , 65 , 64 , 2 , 11 , 7 , 0 , 0 
Tehoka Nanticoke,Buffalo Bandits, 12 , 21 , 12 , 33 , 4 , 1 , 63 , 30 , 10 , 20 , 1 , 1 , 0 
Patrick Dodds,Saskatchewan Rush, 13 , 9 , 22 , 31 , 0 , 0 , 62 , 38 , 2 , 20 , 3 , 0 , 0 
Dylan Watson,Las Vegas Desert Dogs, 14 , 16 , 13 , 29 , 1 , 1 , 69 , 34 , 6 , 22 , 1 , 0 , 0 
Stephen Keogh,New York Riptide, 12 , 15 , 14 , 29 , 1 , 2 , 86 , 44 , 6 , 20 , 3 , 1 , 0 
Dan Lintner,Toronto Rock, 15 , 14 , 15 , 29 , 1 , 0 , 64 , 37 , 8 , 46 , 1 , 0 , 0 
Kyle Jackson,San Diego Seals, 15 , 12 , 17 , 29 , 2 , 1 , 78 , 58 , 4 , 25 , 2 , 1 , 0 
Chris Wardle,"Colorado Mammoth, San Diego Seals", 13 , 8 , 21 , 29 , 0 , 0 , 42 , 30 , 2 , 18 , 5 , 0 , 0 
Mathieu Gautier,Panther City Lacrosse Club, 13 , 5 , 24 , 29 , 2 , 0 , 53 , 52 , 4 , 13 , 2 , 0 , 0 
Sam LeClair,Philadelphia Wings, 12 , 14 , 14 , 28 , 0 , 1 , 65 , 24 , 2 , 19 , 3 , 1 , 0 
Zach Miller,Georgia Swarm, 15 , 13 , 15 , 28 , 0 , 0 , 45 , 28 , 0 , 17 , 1 , 0 , 0 
Aaron Woods,Halifax Thunderbirds, 9 , 11 , 17 , 28 , 0 , 2 , 35 , 30 , 2 , 18 , 0 , 0 , 0 
Josh Currier,Calgary Roughnecks, 14 , 16 , 11 , 27 , 2 , 0 , 59 , 36 , 0 , 35 , 1 , 0 , 0 
Blaze Riorden,Philadelphia Wings, 11 , 13 , 14 , 27 , 3 , 2 , 49 , 17 , 2 , 22 , 0 , 0 , 0 
Ian MacKay,Buffalo Bandits, 14 , 11 , 15 , 26 , 0 , 2 , 35 , 129 , 16 , 15 , 15 , 9 , 79 
Nathan Grenon,Albany FireWolves, 12 , 10 , 16 , 26 , 0 , 0 , 56 , 26 , 14 , 20 , 1 , 0 , 0 
Dan Taylor,Calgary Roughnecks, 13 , 8 , 18 , 26 , 0 , 0 , 45 , 30 , 2 , 29 , 1 , 0 , 0 
Bryan Cole,Georgia Swarm, 16 , 11 , 14 , 25 , 4 , 1 , 37 , 76 , 18 , 15 , 14 , 6 , 0 
Josh Dawick,Toronto Rock, 13 , 11 , 13 , 24 , 0 , 0 , 44 , 19 , 0 , 22 , 0 , 0 , 1 
Nick Weiss,Buffalo Bandits, 14 , 3 , 21 , 24 , 0 , 0 , 18 , 83 , 27 , 9 , 16 , 12 , 7 
Mike Triolo,Saskatchewan Rush, 11 , 11 , 12 , 23 , 0 , 0 , 54 , 37 , 4 , 20 , 3 , 0 , 11 
Kyle Killen,Vancouver Warriors, 13 , 8 , 15 , 23 , 0 , 0 , 72 , 39 , 6 , 27 , 2 , 0 , 0 
Shane Simpson,Calgary Roughnecks, 14 , 15 , 7 , 22 , 2 , 1 , 33 , 43 , 14 , 5 , 5 , 1 , 1 
Sean Westley,Las Vegas Desert Dogs, 12 , 9 , 13 , 22 , 1 , 0 , 32 , 27 , 2 , 6 , 1 , 0 , 0 
Jake Boudreau,Saskatchewan Rush, 13 , 6 , 16 , 22 , 0 , 0 , 19 , 93 , 2 , 6 , 19 , 7 , 0 
Jordan MacIntosh,Georgia Swarm, 16 , 6 , 16 , 22 , 0 , 1 , 23 , 106 , 8 , 19 , 19 , 14 , 8 
Jacob Ruest,Las Vegas Desert Dogs, 14 , 3 , 18 , 21 , 0 , 0 , 20 , 54 , 2 , 6 , 3 , 2 , 0 
Dylan Kinnear,Colorado Mammoth, 13 , 7 , 12 , 19 , 0 , 0 , 33 , 17 , 21 , 21 , 0 , 0 , 0 
Ryan Terefenko,Halifax Thunderbirds, 15 , 7 , 12 , 19 , 0 , 1 , 24 , 131 , 10 , 18 , 19 , 2 , 1 
Tony Malcom,Panther City Lacrosse Club, 13 , 6 , 13 , 19 , 0 , 0 , 29 , 87 , 4 , 10 , 14 , 2 , 0 
Brad McCulley,"Buffalo Bandits, Vancouver Warriors", 12 , 6 , 13 , 19 , 0 , 1 , 36 , 21 , 17 , 18 , 1 , 0 , 0 
Challen Rogers,Toronto Rock, 9 , 4 , 15 , 19 , 1 , 0 , 14 , 31 , 4 , 18 , 14 , 7 , 0 
Taggart Clark,"Philadelphia Wings, New York Riptide", 9 , 11 , 7 , 18 , 0 , 1 , 32 , 12 , 2 , 10 , 3 , 1 , 0 
Mitch de Snoo,Toronto Rock, 14 , 7 , 11 , 18 , 0 , 0 , 25 , 131 , 24 , 19 , 31 , 9 , 0 
Taite Cattoni,Philadelphia Wings, 9 , 6 , 12 , 18 , 0 , 1 , 41 , 15 , 4 , 11 , 1 , 0 , 0 
Matt Gilray,Rochester Knighthawks, 13 , 7 , 10 , 17 , 0 , 0 , 24 , 136 , 4 , 12 , 18 , 14 , 0 
Austin Hasen,Rochester Knighthawks, 8 , 6 , 11 , 17 , 1 , 0 , 30 , 9 , 6 , 10 , 0 , 0 , 0 
Colton Watkinson,Albany FireWolves, 14 , 5 , 12 , 17 , 0 , 1 , 8 , 58 , 15 , 3 , 13 , 3 , 0 
Thomas Hoggarth,Calgary Roughnecks, 13 , 12 , 4 , 16 , 1 , 2 , 37 , 36 , 6 , 25 , 3 , 0 , 0 
Ryan Sheridan,Panther City Lacrosse Club, 11 , 12 , 4 , 16 , 0 , 0 , 44 , 23 , 12 , 19 , 1 , 0 , 0 
Nathaniel Kozevnikov,Saskatchewan Rush, 11 , 10 , 6 , 16 , 0 , 0 , 22 , 10 , 4 , 8 , 1 , 0 , 0 
Mike Messenger,Saskatchewan Rush, 13 , 9 , 7 , 16 , 0 , 1 , 23 , 94 , 26 , 16 , 33 , 11 , 74 
Brett Craig,Colorado Mammoth, 13 , 4 , 12 , 16 , 0 , 0 , 7 , 60 , 6 , 13 , 12 , 2 , 0 
Dan Lomas,Rochester Knighthawks, 8 , 4 , 12 , 16 , 1 , 0 , 24 , 14 , 10 , 8 , 2 , 0 , 0 
Curtis Knight,Rochester Knighthawks, 5 , 2 , 14 , 16 , 0 , 0 , 26 , 15 , 0 , 7 , 0 , 0 , 0 
Christian Del Bianco,Calgary Roughnecks, 14 , 0 , 16 , 16 , 0 , 0 , 1 , 37 , 0 , 17 , 3 , 0 , 0 
Graeme Hossack,Halifax Thunderbirds, 15 , 5 , 10 , 15 , 1 , 1 , 13 , 99 , 12 , 11 , 22 , 14 , 5 
Austin Madronic,New York Riptide, 11 , 3 , 12 , 15 , 0 , 0 , 35 , 25 , 0 , 19 , 1 , 1 , 0 
Justin Martin (6N),Toronto Rock, 15 , 8 , 6 , 14 , 0 , 3 , 18 , 64 , 2 , 16 , 18 , 11 , 0 
Jacob Dunbar,San Diego Seals, 5 , 6 , 8 , 14 , 3 , 0 , 25 , 11 , 0 , 11 , 0 , 0 , 0 
Jake Withers,Halifax Thunderbirds, 15 , 6 , 8 , 14 , 0 , 0 , 15 , 248 , 46 , 16 , 23 , 12 , 297 
Jackson Nishimura,Albany FireWolves, 15 , 5 , 9 , 14 , 0 , 1 , 16 , 79 , 4 , 11 , 8 , 9 , 0 
Patrick Kaschalk,Albany FireWolves, 15 , 7 , 6 , 13 , 0 , 1 , 19 , 99 , 10 , 4 , 10 , 12 , 0 
Turner Evans,Rochester Knighthawks, 5 , 2 , 11 , 13 , 1 , 0 , 11 , 7 , 0 , 4 , 0 , 0 , 0 
Brandon Robinson,Buffalo Bandits, 10 , 6 , 6 , 12 , 0 , 0 , 23 , 32 , 8 , 10 , 4 , 3 , 0 
Jake Govett,San Diego Seals, 13 , 4 , 8 , 12 , 0 , 0 , 15 , 23 , 0 , 10 , 1 , 0 , 0 
Ryan Barnable,Saskatchewan Rush, 13 , 3 , 9 , 12 , 0 , 1 , 12 , 62 , 8 , 9 , 17 , 6 , 0 
Wake:Riat BowHunter,Halifax Thunderbirds, 10 , 2 , 10 , 12 , 0 , 0 , 28 , 21 , 2 , 14 , 1 , 0 , 0 
Zach Currier,Calgary Roughnecks, 14 , 1 , 11 , 12 , 0 , 0 , 20 , 152 , 8 , 12 , 27 , 8 , 35 
Robert Hope,Colorado Mammoth, 14 , 0 , 12 , 12 , 0 , 0 , 0 , 105 , 14 , 5 , 17 , 22 , 0 
Nick Chaykowsky,Albany FireWolves, 15 , 4 , 7 , 11 , 0 , 1 , 15 , 106 , 4 , 16 , 8 , 9 , 0 
Chad Tutton,Philadelphia Wings, 13 , 2 , 9 , 11 , 0 , 0 , 10 , 76 , 20 , 9 , 6 , 8 , 0 
John Wagner,"Las Vegas Desert Dogs, Albany FireWolves", 11 , 4 , 6 , 10 , 0 , 1 , 14 , 82 , 19 , 12 , 16 , 15 , 0 
Connor Kirst,Las Vegas Desert Dogs, 14 , 7 , 2 , 9 , 0 , 1 , 20 , 105 , 15 , 12 , 27 , 4 , 57 
Scott Dominey,Philadelphia Wings, 13 , 4 , 5 , 9 , 0 , 1 , 14 , 68 , 26 , 8 , 9 , 0 , 0 
Jordan Gilles,Colorado Mammoth, 13 , 3 , 6 , 9 , 0 , 1 , 7 , 91 , 27 , 8 , 13 , 9 , 0 
Liam Byrnes,Georgia Swarm, 16 , 2 , 7 , 9 , 0 , 0 , 10 , 62 , 16 , 11 , 20 , 6 , 0 
Jerrett Smith,Saskatchewan Rush, 13 , 2 , 7 , 9 , 0 , 0 , 5 , 41 , 2 , 6 , 7 , 4 , 0 
Brad Kri,Toronto Rock, 15 , 1 , 8 , 9 , 0 , 0 , 7 , 113 , 15 , 8 , 28 , 14 , 0 
Reid Bowering,Vancouver Warriors, 11 , 5 , 3 , 8 , 0 , 0 , 13 , 82 , 4 , 12 , 8 , 7 , 0 
Tim Edwards,Colorado Mammoth, 14 , 4 , 4 , 8 , 0 , 1 , 10 , 82 , 2 , 6 , 11 , 5 , 189 
Phil Mazzuca,Toronto Rock, 14 , 4 , 4 , 8 , 0 , 1 , 13 , 70 , 9 , 12 , 11 , 5 , 2 
Mitch Wilde,New York Riptide, 13 , 4 , 4 , 8 , 0 , 0 , 11 , 33 , 8 , 4 , 5 , 3 , 0 
Brandon Goodwin,Panther City Lacrosse Club, 13 , 3 , 5 , 8 , 0 , 0 , 10 , 39 , 12 , 5 , 7 , 3 , 21 
Steve Priolo,Buffalo Bandits, 14 , 3 , 5 , 8 , 0 , 0 , 4 , 96 , 20 , 7 , 19 , 16 , 0 
Jeff Henrick,Georgia Swarm, 15 , 2 , 6 , 8 , 0 , 0 , 11 , 47 , 39 , 5 , 14 , 8 , 0 
Isaac Ngyou,Saskatchewan Rush, 13 , 2 , 6 , 8 , 0 , 1 , 4 , 57 , 4 , 3 , 9 , 4 , 0 
Eli Salama,Calgary Roughnecks, 10 , 2 , 6 , 8 , 0 , 1 , 7 , 45 , 6 , 6 , 13 , 6 , 24 
Adam Wiedemann,Georgia Swarm, 16 , 2 , 6 , 8 , 0 , 0 , 16 , 99 , 8 , 8 , 18 , 23 , 0 
Owen Grant,Vancouver Warriors, 14 , 6 , 1 , 7 , 0 , 3 , 18 , 75 , 14 , 16 , 23 , 9 , 1 
Mitch Ogilvie,Rochester Knighthawks, 13 , 4 , 3 , 7 , 0 , 0 , 8 , 53 , 2 , 10 , 11 , 9 , 0 
Graydon Bradley,San Diego Seals, 15 , 2 , 5 , 7 , 1 , 0 , 6 , 66 , 8 , 6 , 8 , 15 , 0 
Joey Cupido,Colorado Mammoth, 11 , 2 , 5 , 7 , 0 , 1 , 7 , 35 , 0 , 7 , 7 , 3 , 0 
Liam Patten,Panther City Lacrosse Club, 14 , 2 , 5 , 7 , 0 , 0 , 8 , 61 , 23 , 5 , 6 , 9 , 9 
James Rahe,Vancouver Warriors, 3 , 2 , 5 , 7 , 0 , 0 , 7 , 7 , 0 , 3 , 0 , 0 , 0 
Tyson Bell,Halifax Thunderbirds, 15 , 1 , 6 , 7 , 0 , 0 , 5 , 90 , 28 , 9 , 17 , 5 , 0 
Doug Jamieson,Albany FireWolves, 14 , 1 , 6 , 7 , 0 , 0 , 1 , 4 , 0 , 3 , 0 , 0 , 0 
Cole Kirst,Halifax Thunderbirds, 3 , 1 , 6 , 7 , 0 , 0 , 21 , 8 , 0 , 3 , 0 , 0 , 0 
John LaFontaine,New York Riptide, 15 , 1 , 6 , 7 , 0 , 0 , 6 , 45 , 5 , 5 , 7 , 6 , 0 
Mike McCannell,Philadelphia Wings, 13 , 1 , 6 , 7 , 0 , 0 , 6 , 53 , 2 , 3 , 6 , 4 , 0 
Brent Noseworthy,New York Riptide, 15 , 1 , 6 , 7 , 1 , 0 , 1 , 94 , 28 , 10 , 9 , 14 , 4 
Ryland Rees,Rochester Knighthawks, 13 , 1 , 6 , 7 , 0 , 1 , 4 , 71 , 8 , 12 , 15 , 8 , 0 
Chris Weier,Toronto Rock, 15 , 1 , 6 , 7 , 0 , 0 , 7 , 45 , 0 , 2 , 14 , 2 , 0 
Matt Hossack,Panther City Lacrosse Club, 12 , 0 , 7 , 7 , 0 , 0 , 6 , 74 , 4 , 8 , 22 , 11 , 1 
Jay Thorimbert,New York Riptide, 14 , 4 , 2 , 6 , 0 , 0 , 10 , 94 , 4 , 5 , 3 , 3 , 215 
Colton Armstrong,Halifax Thunderbirds, 15 , 3 , 3 , 6 , 0 , 0 , 15 , 41 , 14 , 10 , 15 , 6 , 0 
Charlie Bertrand,Las Vegas Desert Dogs, 8 , 3 , 3 , 6 , 0 , 0 , 21 , 15 , 9 , 16 , 1 , 2 , 0 
Damon Edwards,New York Riptide, 12 , 3 , 3 , 6 , 0 , 0 , 7 , 21 , 16 , 5 , 11 , 12 , 0 
Brady Kearnan,Georgia Swarm, 4 , 3 , 3 , 6 , 0 , 0 , 17 , 12 , 0 , 4 , 1 , 1 , 0 
Harrison Matsuoka,Calgary Roughnecks, 14 , 3 , 3 , 6 , 0 , 0 , 10 , 47 , 4 , 2 , 10 , 6 , 0 
Jeff Cornwall,Calgary Roughnecks, 14 , 2 , 4 , 6 , 0 , 0 , 15 , 61 , 4 , 10 , 20 , 13 , 0 
Callum Jones,New York Riptide, 14 , 2 , 4 , 6 , 0 , 0 , 5 , 73 , 40 , 6 , 21 , 13 , 0 
Tyson Kirkness,Vancouver Warriors, 11 , 2 , 4 , 6 , 0 , 0 , 6 , 47 , 8 , 6 , 7 , 9 , 0 
Liam LeClair,Calgary Roughnecks, 14 , 2 , 4 , 6 , 0 , 0 , 5 , 49 , 8 , 5 , 17 , 11 , 0 
Johnny Pearson,Halifax Thunderbirds, 15 , 2 , 4 , 6 , 0 , 0 , 3 , 27 , 20 , 4 , 4 , 11 , 0 
Dylan Robinson,Buffalo Bandits, 14 , 2 , 4 , 6 , 0 , 0 , 5 , 51 , 10 , 8 , 4 , 6 , 5 
Jeremy Thompson,Georgia Swarm, 16 , 2 , 4 , 6 , 0 , 0 , 5 , 111 , 10 , 14 , 2 , 3 , 160 
Andrew Borgatti,New York Riptide, 15 , 1 , 5 , 6 , 0 , 0 , 2 , 26 , 0 , 1 , 6 , 4 , 0 
Matt Spanger,Buffalo Bandits, 10 , 1 , 5 , 6 , 0 , 0 , 5 , 33 , 13 , 4 , 10 , 9 , 0 
Jesse Gamble,San Diego Seals, 15 , 0 , 6 , 6 , 0 , 0 , 4 , 52 , 11 , 9 , 8 , 5 , 0 
Holden Garlent,Saskatchewan Rush, 10 , 0 , 6 , 6 , 0 , 0 , 2 , 60 , 6 , 2 , 11 , 4 , 1 
Tor Reinholdt,Las Vegas Desert Dogs, 14 , 0 , 6 , 6 , 0 , 0 , 3 , 81 , 36 , 9 , 9 , 13 , 0 
Nick Rose,Toronto Rock, 15 , 0 , 6 , 6 , 0 , 0 , 0 , 7 , 0 , 6 , 1 , 0 , 0 
Dillon Ward,Colorado Mammoth, 13 , 0 , 6 , 6 , 0 , 0 , 0 , 15 , 0 , 6 , 1 , 0 , 0 
Mac OKeefe,San Diego Seals, 4 , 4 , 1 , 5 , 0 , 0 , 21 , 10 , 2 , 4 , 0 , 0 , 0 
Tyler Hendrycks,Toronto Rock, 5 , 3 , 2 , 5 , 0 , 0 , 12 , 4 , 0 , 8 , 0 , 1 , 0 
Kevin Brownell,New York Riptide, 14 , 2 , 3 , 5 , 0 , 0 , 14 , 72 , 4 , 7 , 13 , 11 , 0 
Isaiah Davis-Allen,Philadelphia Wings, 13 , 2 , 3 , 5 , 0 , 0 , 6 , 51 , 2 , 6 , 8 , 2 , 42 
Patrick Foley,Panther City Lacrosse Club, 13 , 2 , 3 , 5 , 0 , 0 , 3 , 51 , 0 , 5 , 11 , 2 , 2 
Jonathan Gagliardi,Las Vegas Desert Dogs, 14 , 2 , 3 , 5 , 0 , 0 , 5 , 36 , 27 , 4 , 5 , 4 , 21 
Joe Nardella,Albany FireWolves, 15 , 2 , 3 , 5 , 0 , 0 , 8 , 146 , 19 , 13 , 13 , 2 , 272 
Brandon Slade,Toronto Rock, 9 , 2 , 3 , 5 , 0 , 0 , 13 , 22 , 2 , 5 , 2 , 3 , 0 
Tyler Garrison,Colorado Mammoth, 12 , 1 , 4 , 5 , 0 , 0 , 4 , 22 , 12 , 6 , 5 , 3 , 7 
Dylan Hutchison,Panther City Lacrosse Club, 14 , 1 , 4 , 5 , 0 , 0 , 1 , 49 , 8 , 3 , 7 , 11 , 0 
Warren Jeffrey,Colorado Mammoth, 14 , 1 , 4 , 5 , 0 , 0 , 4 , 50 , 10 , 4 , 14 , 15 , 0 
Ron John,New York Riptide, 14 , 1 , 4 , 5 , 0 , 0 , 6 , 67 , 4 , 2 , 16 , 6 , 1 
Danny Logan,San Diego Seals, 7 , 1 , 4 , 5 , 0 , 0 , 2 , 32 , 0 , 3 , 6 , 3 , 0 
Josh Medeiros,Panther City Lacrosse Club, 14 , 1 , 4 , 5 , 0 , 0 , 20 , 62 , 20 , 7 , 13 , 10 , 0 
Dalton Sulver,Buffalo Bandits, 12 , 1 , 4 , 5 , 0 , 0 , 4 , 22 , 2 , 1 , 5 , 8 , 0 
Matt Beers,Vancouver Warriors, 12 , 0 , 5 , 5 , 0 , 0 , 5 , 71 , 22 , 18 , 11 , 15 , 0 
Billy Hostrawser,Toronto Rock, 14 , 0 , 5 , 5 , 0 , 0 , 6 , 66 , 11 , 6 , 23 , 7 , 16 
Landon Kells,Las Vegas Desert Dogs, 14 , 0 , 5 , 5 , 0 , 0 , 0 , 4 , 4 , 7 , 0 , 0 , 0 
Jake Saunders,Las Vegas Desert Dogs, 9 , 0 , 5 , 5 , 0 , 0 , 3 , 33 , 4 , 6 , 15 , 1 , 0 
Frank Scigliano,Saskatchewan Rush, 13 , 0 , 5 , 5 , 0 , 0 , 0 , 3 , 0 , 0 , 1 , 0 , 0 
Connor Sellars,Panther City Lacrosse Club, 14 , 0 , 5 , 5 , 0 , 0 , 2 , 69 , 0 , 11 , 9 , 11 , 0 
Robert Hudson,Calgary Roughnecks, 7 , 3 , 1 , 4 , 0 , 0 , 4 , 8 , 0 , 1 , 1 , 4 , 0 
Marley Angus,Toronto Rock, 3 , 2 , 2 , 4 , 0 , 0 , 9 , 4 , 0 , 2 , 0 , 0 , 0 
Keegan Bell,Saskatchewan Rush, 7 , 2 , 2 , 4 , 0 , 0 , 8 , 13 , 0 , 5 , 1 , 0 , 0 
Jack Jasinski,Philadelphia Wings, 3 , 2 , 2 , 4 , 0 , 0 , 9 , 7 , 2 , 7 , 0 , 0 , 0 
Marcus Minichiello,Philadelphia Wings, 7 , 2 , 2 , 4 , 0 , 0 , 2 , 19 , 4 , 2 , 2 , 1 , 0 
Ethan OConnor,Rochester Knighthawks, 13 , 2 , 2 , 4 , 0 , 0 , 5 , 34 , 14 , 1 , 6 , 19 , 0 
Alex Pace,Philadelphia Wings, 13 , 2 , 2 , 4 , 0 , 0 , 2 , 65 , 6 , 6 , 12 , 10 , 0 
John Piatelli,Albany FireWolves, 3 , 2 , 2 , 4 , 0 , 0 , 15 , 7 , 0 , 2 , 1 , 0 , 0 
Ty Thompson,Panther City Lacrosse Club, 3 , 2 , 2 , 4 , 0 , 0 , 5 , 8 , 0 , 1 , 0 , 0 , 0 
Cameron Wengreniuk,Saskatchewan Rush, 4 , 2 , 2 , 4 , 0 , 0 , 11 , 20 , 4 , 14 , 2 , 1 , 0 
James Barclay,Las Vegas Desert Dogs, 14 , 1 , 3 , 4 , 0 , 0 , 5 , 85 , 8 , 13 , 15 , 21 , 0 
Mike Byrne,Albany FireWolves, 15 , 1 , 3 , 4 , 0 , 0 , 3 , 73 , 12 , 6 , 14 , 8 , 4 
Nick Damude,Panther City Lacrosse Club, 14 , 1 , 3 , 4 , 0 , 0 , 1 , 5 , 0 , 2 , 2 , 0 , 0 
Marcus Klarich,Vancouver Warriors, 2 , 1 , 3 , 4 , 0 , 0 , 9 , 7 , 0 , 5 , 0 , 0 , 0 
Brayden Laity,Vancouver Warriors, 14 , 1 , 3 , 4 , 0 , 0 , 8 , 81 , 4 , 6 , 13 , 14 , 0 
Mike Manley,Georgia Swarm, 16 , 1 , 3 , 4 , 0 , 0 , 1 , 63 , 38 , 7 , 17 , 8 , 1 
Seth Van Schepen,Calgary Roughnecks, 10 , 1 , 3 , 4 , 0 , 0 , 4 , 26 , 4 , 4 , 6 , 6 , 0 
Trevor Baptiste,San Diego Seals, 15 , 0 , 4 , 4 , 0 , 0 , 14 , 147 , 20 , 14 , 6 , 3 , 266 
Jalen Chaster,Colorado Mammoth, 11 , 0 , 4 , 4 , 0 , 0 , 4 , 47 , 7 , 1 , 7 , 5 , 0 
Dan Coates,Rochester Knighthawks, 5 , 0 , 4 , 4 , 0 , 0 , 3 , 25 , 0 , 5 , 3 , 5 , 0 
TJ Comizio,Georgia Swarm, 15 , 0 , 4 , 4 , 0 , 0 , 7 , 88 , 4 , 10 , 21 , 7 , 0 
Warren Hill,Halifax Thunderbirds, 15 , 0 , 4 , 4 , 0 , 0 , 0 , 16 , 0 , 6 , 2 , 0 , 0 
Adam Jay,Saskatchewan Rush, 13 , 0 , 4 , 4 , 0 , 0 , 1 , 48 , 6 , 6 , 17 , 6 , 0 
Bobby Kidd III,Saskatchewan Rush, 13 , 0 , 4 , 4 , 0 , 0 , 2 , 64 , 8 , 7 , 12 , 12 , 22 
Christopher Origlieri,San Diego Seals, 15 , 0 , 4 , 4 , 0 , 0 , 0 , 16 , 0 , 7 , 2 , 0 , 0 
Jackson Reid,Albany FireWolves, 9 , 0 , 4 , 4 , 0 , 0 , 11 , 39 , 8 , 1 , 7 , 1 , 0 
Reid Reinholdt,Las Vegas Desert Dogs, 8 , 0 , 4 , 4 , 0 , 0 , 1 , 24 , 9 , 3 , 1 , 3 , 0 
Logan Schuss,Calgary Roughnecks, 2 , 0 , 4 , 4 , 0 , 0 , 8 , 5 , 0 , 3 , 0 , 1 , 0 
Thomas Whitty,Rochester Knighthawks, 11 , 0 , 4 , 4 , 0 , 0 , 1 , 53 , 6 , 4 , 4 , 12 , 0 
Cam Wyers,Buffalo Bandits, 14 , 0 , 4 , 4 , 0 , 0 , 5 , 58 , 13 , 2 , 14 , 9 , 1 
Tanner Buck,Philadelphia Wings, 2 , 2 , 1 , 3 , 0 , 0 , 6 , 4 , 0 , 4 , 0 , 0 , 0 
Chris Corbeil,Toronto Rock, 8 , 2 , 1 , 3 , 0 , 0 , 3 , 23 , 4 , 6 , 3 , 3 , 0 
Zack Kearney,Toronto Rock, 8 , 2 , 1 , 3 , 0 , 0 , 6 , 20 , 2 , 5 , 3 , 3 , 6 
David Brock,Halifax Thunderbirds, 7 , 1 , 2 , 3 , 0 , 0 , 4 , 27 , 18 , 2 , 6 , 2 , 0 
Ryan Dilks,Vancouver Warriors, 14 , 1 , 2 , 3 , 0 , 0 , 6 , 72 , 4 , 5 , 38 , 12 , 1 
Eli Gobrecht,San Diego Seals, 8 , 1 , 2 , 3 , 0 , 0 , 1 , 37 , 2 , 2 , 9 , 4 , 0 
Josh Jubenville,Toronto Rock, 6 , 1 , 2 , 3 , 0 , 0 , 6 , 35 , 9 , 4 , 3 , 2 , 0 
Sean Kriwokon,Colorado Mammoth, 9 , 1 , 2 , 3 , 0 , 0 , 2 , 29 , 11 , 2 , 5 , 2 , 0 
Evan Messenger,Panther City Lacrosse Club, 14 , 1 , 2 , 3 , 1 , 0 , 6 , 22 , 10 , 2 , 4 , 3 , 5 
Jackson Suboch,Vancouver Warriors, 14 , 1 , 2 , 3 , 0 , 0 , 3 , 38 , 44 , 6 , 6 , 6 , 0 
Drew Belgrave,San Diego Seals, 12 , 0 , 3 , 3 , 0 , 0 , 1 , 36 , 10 , 1 , 4 , 7 , 0 
Brett Dobson,Georgia Swarm, 16 , 0 , 3 , 3 , 0 , 0 , 2 , 4 , 4 , 6 , 2 , 0 , 0 
Riley Hutchcraft,Rochester Knighthawks, 13 , 0 , 3 , 3 , 0 , 0 , 0 , 6 , 0 , 3 , 0 , 0 , 0 
Taylor Jensen,Rochester Knighthawks, 8 , 0 , 3 , 3 , 0 , 0 , 3 , 42 , 2 , 6 , 5 , 7 , 0 
Colton Lidstone,New York Riptide, 3 , 0 , 3 , 3 , 0 , 0 , 3 , 5 , 0 , 2 , 2 , 0 , 0 
Mike Mallory,Saskatchewan Rush, 9 , 0 , 3 , 3 , 0 , 0 , 1 , 12 , 8 , 1 , 4 , 2 , 0 
Justin Martin,Buffalo Bandits, 12 , 0 , 3 , 3 , 0 , 0 , 0 , 20 , 7 , 6 , 9 , 5 , 0 
Brett Mydske,Vancouver Warriors, 14 , 0 , 3 , 3 , 0 , 0 , 5 , 53 , 16 , 9 , 13 , 9 , 0 
Patrick Shoemay,San Diego Seals, 15 , 0 , 3 , 3 , 0 , 0 , 4 , 102 , 4 , 6 , 13 , 13 , 0 
Matt Vinc,Buffalo Bandits, 12 , 0 , 3 , 3 , 0 , 0 , 0 , 17 , 0 , 5 , 1 , 0 , 0 
Ryan Wagner,Philadelphia Wings, 11 , 0 , 3 , 3 , 0 , 0 , 4 , 49 , 10 , 8 , 10 , 11 , 0 
Mitchell Armstrong,Philadelphia Wings, 8 , 1 , 1 , 2 , 0 , 0 , 2 , 14 , 4 , 3 , 5 , 3 , 2 
Cameron Holding,San Diego Seals, 14 , 1 , 1 , 2 , 0 , 0 , 5 , 52 , 0 , 3 , 12 , 11 , 0 
TD Ierlan,Toronto Rock, 13 , 1 , 1 , 2 , 0 , 0 , 8 , 122 , 2 , 5 , 9 , 0 , 226 
Marshal King,Las Vegas Desert Dogs, 2 , 1 , 1 , 2 , 0 , 0 , 8 , 4 , 0 , 2 , 1 , 0 , 0 
Matt Marinier,New York Riptide, 14 , 1 , 1 , 2 , 0 , 0 , 4 , 58 , 14 , 5 , 12 , 20 , 0 
Connor McClelland,Saskatchewan Rush, 13 , 1 , 1 , 2 , 0 , 0 , 4 , 35 , 8 , 7 , 17 , 6 , 0 
Ben McDonald,Colorado Mammoth, 4 , 1 , 1 , 2 , 0 , 0 , 14 , 7 , 0 , 8 , 0 , 0 , 0 
Dylan McIntosh,Vancouver Warriors, 2 , 1 , 1 , 2 , 0 , 0 , 4 , 5 , 0 , 1 , 0 , 0 , 0 
Trevor Smyth,Halifax Thunderbirds, 15 , 1 , 1 , 2 , 0 , 1 , 3 , 43 , 13 , 5 , 12 , 8 , 0 
Adrian Sorichetti,Las Vegas Desert Dogs, 14 , 1 , 1 , 2 , 0 , 0 , 6 , 27 , 21 , 6 , 4 , 7 , 0 
Kason Tarbell,Georgia Swarm, 16 , 1 , 1 , 2 , 0 , 0 , 13 , 56 , 4 , 6 , 15 , 4 , 0 
Reece Callies,Calgary Roughnecks, 14 , 0 , 2 , 2 , 0 , 0 , 1 , 31 , 10 , 4 , 10 , 8 , 2 
Steph Charbonneau,Vancouver Warriors, 14 , 0 , 2 , 2 , 0 , 0 , 1 , 48 , 2 , 3 , 15 , 10 , 0 
Emerson Clark,Buffalo Bandits, 5 , 0 , 2 , 2 , 0 , 0 , 3 , 8 , 11 , 7 , 1 , 0 , 0 
Paul Dawson,"Colorado Mammoth, Buffalo Bandits", 15 , 0 , 2 , 2 , 0 , 0 , 4 , 55 , 32 , 5 , 11 , 19 , 0 
Owen Down,Colorado Mammoth, 5 , 0 , 2 , 2 , 0 , 0 , 1 , 10 , 4 , 2 , 3 , 3 , 0 
Brad Gillies,Rochester Knighthawks, 13 , 0 , 2 , 2 , 0 , 0 , 4 , 30 , 2 , 4 , 9 , 8 , 0 
Griffin Hall,Las Vegas Desert Dogs, 13 , 0 , 2 , 2 , 0 , 0 , 0 , 6 , 2 , 3 , 5 , 6 , 0 
Tyler Halls,Rochester Knighthawks, 10 , 0 , 2 , 2 , 0 , 0 , 2 , 34 , 6 , 5 , 8 , 5 , 8 
Zach Higgins,Philadelphia Wings, 13 , 0 , 2 , 2 , 0 , 0 , 0 , 11 , 0 , 5 , 0 , 0 , 0 
Justin Inacio,Calgary Roughnecks, 7 , 0 , 2 , 2 , 0 , 0 , 2 , 36 , 2 , 5 , 1 , 1 , 72 
Sam La Roue,Buffalo Bandits, 2 , 0 , 2 , 2 , 0 , 0 , 1 , 4 , 0 , 0 , 0 , 0 , 1 
Ian Llord,Philadelphia Wings, 13 , 0 , 2 , 2 , 0 , 0 , 0 , 35 , 14 , 3 , 6 , 16 , 0 
Carter McKenzie,Buffalo Bandits, 6 , 0 , 2 , 2 , 0 , 0 , 0 , 6 , 4 , 0 , 3 , 1 , 0 
Joe Post,Rochester Knighthawks, 12 , 0 , 2 , 2 , 0 , 0 , 2 , 123 , 0 , 11 , 1 , 0 , 218 
Ronin Pusch,Panther City Lacrosse Club, 5 , 0 , 2 , 2 , 0 , 0 , 2 , 51 , 2 , 5 , 3 , 2 , 65 
John Ranagan,Georgia Swarm, 16 , 0 , 2 , 2 , 0 , 0 , 3 , 29 , 14 , 3 , 13 , 21 , 4 
Payton Rezanka,San Diego Seals, 4 , 0 , 2 , 2 , 0 , 0 , 1 , 12 , 6 , 1 , 3 , 0 , 0 
Kyle Rubisch,San Diego Seals, 15 , 0 , 2 , 2 , 0 , 0 , 2 , 101 , 8 , 5 , 25 , 5 , 0 
Miles Thompson,Georgia Swarm, 2 , 0 , 2 , 2 , 0 , 0 , 5 , 1 , 5 , 4 , 0 , 0 , 0 
Ethan Ticehurst,Calgary Roughnecks, 13 , 0 , 2 , 2 , 0 , 0 , 6 , 31 , 6 , 6 , 7 , 4 , 0 
Thomas Vela,Colorado Mammoth, 3 , 0 , 2 , 2 , 0 , 0 , 9 , 2 , 0 , 2 , 0 , 0 , 0 
Aden Walsh,Vancouver Warriors, 14 , 0 , 2 , 2 , 0 , 0 , 0 , 2 , 2 , 3 , 1 , 1 , 0 
Chris Willman,Vancouver Warriors, 14 , 0 , 2 , 2 , 0 , 0 , 2 , 48 , 6 , 6 , 12 , 2 , 123 
Adam Bomberry,Buffalo Bandits, 1 , 1 , 0 , 1 , 0 , 0 , 1 , 8 , 0 , 0 , 0 , 0 , 0 
Ben MacDonnell,Rochester Knighthawks, 4 , 1 , 0 , 1 , 0 , 0 , 1 , 15 , 0 , 1 , 3 , 0 , 0 
Leo Stouros,Albany FireWolves, 12 , 1 , 0 , 1 , 0 , 0 , 3 , 28 , 11 , 2 , 3 , 13 , 1 
Cam Badour,Las Vegas Desert Dogs, 1 , 0 , 1 , 1 , 0 , 0 , 0 , 0 , 0 , 1 , 0 , 0 , 0 
Tyler Biles,Rochester Knighthawks, 9 , 0 , 1 , 1 , 0 , 0 , 0 , 22 , 9 , 1 , 3 , 1 , 0 
Tyler Burton,Panther City Lacrosse Club, 3 , 0 , 1 , 1 , 0 , 0 , 2 , 20 , 4 , 6 , 3 , 1 , 28 
Tyler Carlson,Colorado Mammoth, 14 , 0 , 1 , 1 , 0 , 0 , 0 , 1 , 0 , 5 , 1 , 0 , 0 
Zack Deaken,New York Riptide, 11 , 0 , 1 , 1 , 0 , 0 , 0 , 45 , 4 , 1 , 8 , 0 , 0 
Evan Downey,Colorado Mammoth, 1 , 0 , 1 , 1 , 0 , 0 , 0 , 5 , 2 , 3 , 0 , 0 , 0 
Cameron Dunkerley,New York Riptide, 15 , 0 , 1 , 1 , 0 , 0 , 0 , 11 , 2 , 2 , 3 , 0 , 0 
Pent Eistrat,Rochester Knighthawks, 2 , 0 , 1 , 1 , 0 , 0 , 2 , 9 , 0 , 1 , 2 , 1 , 0 
Jackson Ganton,Philadelphia Wings, 8 , 0 , 1 , 1 , 0 , 0 , 1 , 26 , 0 , 2 , 6 , 5 , 0 
Blake Gibson-McDonald,Las Vegas Desert Dogs, 7 , 0 , 1 , 1 , 0 , 0 , 2 , 13 , 2 , 1 , 4 , 2 , 0 
Greg Harnett,Rochester Knighthawks, 2 , 0 , 1 , 1 , 0 , 0 , 0 , 2 , 2 , 0 , 2 , 0 , 0 
Cory Highfield,"Rochester Knighthawks, Buffalo Bandits", 8 , 0 , 1 , 1 , 0 , 0 , 9 , 17 , 2 , 3 , 3 , 0 , 0 
Josh Jackson,Las Vegas Desert Dogs, 6 , 0 , 1 , 1 , 0 , 0 , 3 , 19 , 4 , 6 , 5 , 3 , 0 
Anthony Joaquim,"Colorado Mammoth, Albany FireWolves", 14 , 0 , 1 , 1 , 0 , 0 , 0 , 26 , 9 , 4 , 6 , 6 , 0 
Thomas Kiazyk,Saskatchewan Rush, 3 , 0 , 1 , 1 , 0 , 0 , 0 , 0 , 0 , 0 , 0 , 0 , 0 
Cam MacLeod,Panther City Lacrosse Club, 14 , 0 , 1 , 1 , 0 , 0 , 0 , 3 , 0 , 1 , 1 , 0 , 0 
Briley Maxwell,Halifax Thunderbirds, 1 , 0 , 1 , 1 , 0 , 0 , 0 , 3 , 0 , 1 , 0 , 0 , 0 
Brent Mitchell,Panther City Lacrosse Club, 13 , 0 , 1 , 1 , 0 , 0 , 0 , 14 , 43 , 1 , 7 , 2 , 0 
Jon Phillips,Colorado Mammoth, 1 , 0 , 1 , 1 , 0 , 0 , 2 , 4 , 0 , 1 , 0 , 0 , 0 
Bennett Smith,Calgary Roughnecks, 8 , 0 , 1 , 1 , 0 , 0 , 3 , 37 , 4 , 5 , 10 , 3 , 0 
Josh Sullivan,Colorado Mammoth, 7 , 0 , 1 , 1 , 0 , 0 , 0 , 12 , 2 , 1 , 2 , 4 , 0 
Thomas Vaesen,Las Vegas Desert Dogs, 2 , 0 , 1 , 1 , 0 , 0 , 5 , 2 , 0 , 3 , 1 , 0 , 0 
Nicholas Volkov,Albany FireWolves, 12 , 0 , 1 , 1 , 0 , 0 , 2 , 26 , 2 , 4 , 8 , 2 , 0 
Christian Watts,Buffalo Bandits, 2 , 0 , 1 , 1 , 0 , 0 , 4 , 3 , 0 , 1 , 0 , 0 , 0 
Max Wilson,Halifax Thunderbirds, 10 , 0 , 1 , 1 , 0 , 0 , 2 , 15 , 10 , 0 , 1 , 3 , 0 
Zachary Young,Albany FireWolves, 13 , 0 , 1 , 1 , 0 , 0 , 1 , 43 , 28 , 4 , 8 , 1 , 0 
Matt Anderson,New York Riptide, 1 , 0 , 0 , 0 , 0 , 0 , 0 , 1 , 0 , 1 , 0 , 0 , 0 
Brett Beetow,Halifax Thunderbirds, 5 , 0 , 0 , 0 , 0 , 0 , 1 , 4 , 0 , 2 , 0 , 0 , 3 
Zack Belter,Buffalo Bandits, 5 , 0 , 0 , 0 , 0 , 0 , 2 , 8 , 8 , 1 , 4 , 2 , 0 
Matthew Bennett,New York Riptide, 1 , 0 , 0 , 0 , 0 , 0 , 0 , 4 , 0 , 0 , 2 , 0 , 0 
Adam Bland,Calgary Roughnecks, 4 , 0 , 0 , 0 , 0 , 0 , 1 , 1 , 0 , 0 , 0 , 0 , 0 
Aaron Bold,Vancouver Warriors, 14 , 0 , 0 , 0 , 0 , 0 , 0 , 8 , 0 , 3 , 1 , 0 , 0 
Frank Brown,Buffalo Bandits, 3 , 0 , 0 , 0 , 0 , 0 , 0 , 12 , 4 , 1 , 1 , 0 , 0 
Doug Buchan,Rochester Knighthawks, 9 , 0 , 0 , 0 , 0 , 0 , 0 , 0 , 0 , 0 , 0 , 0 , 0 
Sheldon Burns,Toronto Rock, 13 , 0 , 0 , 0 , 0 , 0 , 4 , 20 , 9 , 3 , 8 , 5 , 0 
Zach Cole,Las Vegas Desert Dogs, 8 , 0 , 0 , 0 , 0 , 0 , 1 , 24 , 2 , 3 , 4 , 0 , 84 
Brett Draper,Colorado Mammoth, 1 , 0 , 0 , 0 , 0 , 0 , 0 , 3 , 0 , 1 , 0 , 0 , 0 
Nate Faccin,Colorado Mammoth, 1 , 0 , 0 , 0 , 0 , 0 , 0 , 0 , 0 , 0 , 0 , 0 , 0 
Connor Farrell,Buffalo Bandits, 3 , 0 , 0 , 0 , 0 , 0 , 2 , 28 , 0 , 7 , 0 , 0 , 53 
Jake Fox,Halifax Thunderbirds, 1 , 0 , 0 , 0 , 0 , 0 , 1 , 1 , 0 , 0 , 0 , 0 , 0 
Steve Fryer,Calgary Roughnecks, 10 , 0 , 0 , 0 , 0 , 0 , 0 , 1 , 0 , 0 , 0 , 0 , 0 
Elijah Gash,Panther City Lacrosse Club, 2 , 0 , 0 , 0 , 0 , 0 , 0 , 3 , 6 , 1 , 1 , 1 , 0 
Justin Geddie,Albany FireWolves, 15 , 0 , 0 , 0 , 0 , 0 , 0 , 0 , 0 , 3 , 0 , 0 , 0 
Angus Goodleaf,Georgia Swarm, 14 , 0 , 0 , 0 , 0 , 0 , 0 , 3 , 0 , 0 , 0 , 0 , 0 
Tyrell Hamer-Jackson,Vancouver Warriors, 2 , 0 , 0 , 0 , 0 , 0 , 0 , 8 , 0 , 1 , 1 , 0 , 31 
Rylan Hartley,Rochester Knighthawks, 3 , 0 , 0 , 0 , 0 , 0 , 0 , 3 , 0 , 0 , 0 , 0 , 0 
Dustin Hill,Georgia Swarm, 2 , 0 , 0 , 0 , 0 , 0 , 0 , 0 , 0 , 0 , 0 , 0 , 0 
Troy Holowchuk,Toronto Rock, 15 , 0 , 0 , 0 , 0 , 0 , 0 , 0 , 0 , 0 , 0 , 0 , 0 
Laine Hruska,Saskatchewan Rush, 10 , 0 , 0 , 0 , 0 , 0 , 0 , 1 , 0 , 0 , 0 , 0 , 0 
Drew Hutchison,Halifax Thunderbirds, 15 , 0 , 0 , 0 , 0 , 0 , 0 , 2 , 0 , 1 , 0 , 0 , 0 
Will Johnston,New York Riptide, 15 , 0 , 0 , 0 , 0 , 0 , 0 , 0 , 0 , 0 , 0 , 0 , 0 
Anthony Kalinich,Vancouver Warriors, 4 , 0 , 0 , 0 , 0 , 0 , 0 , 7 , 4 , 2 , 2 , 2 , 0 
Corson Kealey,New York Riptide, 1 , 0 , 0 , 0 , 0 , 0 , 3 , 2 , 0 , 0 , 0 , 0 , 0 
Andrew Kidd,Albany FireWolves, 1 , 0 , 0 , 0 , 0 , 0 , 0 , 0 , 0 , 0 , 0 , 0 , 0 
Deacan Knott,Philadelphia Wings, 13 , 0 , 0 , 0 , 0 , 0 , 0 , 1 , 0 , 2 , 0 , 0 , 0 
Kellen LeClair,San Diego Seals, 15 , 0 , 0 , 0 , 0 , 0 , 1 , 24 , 6 , 4 , 9 , 1 , 0 
John Lintz,Vancouver Warriors, 2 , 0 , 0 , 0 , 0 , 0 , 0 , 5 , 0 , 0 , 0 , 0 , 0 
Kevin Lynch,Philadelphia Wings, 1 , 0 , 0 , 0 , 0 , 0 , 0 , 2 , 2 , 0 , 0 , 0 , 0 
Luc Magnan,Halifax Thunderbirds, 9 , 0 , 0 , 0 , 0 , 0 , 0 , 12 , 6 , 1 , 5 , 3 , 0 
Caelan Mander,Halifax Thunderbirds, 3 , 0 , 0 , 0 , 0 , 0 , 2 , 9 , 0 , 0 , 2 , 0 , 0 
Kieran McKay,Calgary Roughnecks, 1 , 0 , 0 , 0 , 0 , 0 , 0 , 3 , 0 , 0 , 0 , 0 , 0 
Brodie Merrill,San Diego Seals, 1 , 0 , 0 , 0 , 0 , 0 , 0 , 2 , 0 , 0 , 1 , 0 , 0 
Steven Orleman,Buffalo Bandits, 5 , 0 , 0 , 0 , 0 , 0 , 0 , 2 , 0 , 1 , 0 , 0 , 0 
Mike Poulin,San Diego Seals, 15 , 0 , 0 , 0 , 0 , 0 , 0 , 0 , 0 , 1 , 0 , 0 , 0 
Ethan Riggs,Georgia Swarm, 14 , 0 , 0 , 0 , 0 , 0 , 0 , 9 , 8 , 0 , 2 , 2 , 0 
Justin Robinson,Buffalo Bandits, 6 , 0 , 0 , 0 , 0 , 0 , 1 , 9 , 0 , 0 , 3 , 2 , 0 
Nicholas Rowlett,Philadelphia Wings, 7 , 0 , 0 , 0 , 0 , 0 , 0 , 31 , 0 , 6 , 2 , 0 , 83 
Devlin Shanahan,Buffalo Bandits, 11 , 0 , 0 , 0 , 0 , 0 , 0 , 2 , 0 , 1 , 0 , 0 , 0 
Eric Shewell,Philadelphia Wings, 9 , 0 , 0 , 0 , 0 , 0 , 0 , 17 , 6 , 2 , 4 , 3 , 0 
Dylan Sprentz,Rochester Knighthawks, 1 , 0 , 0 , 0 , 0 , 0 , 0 , 0 , 0 , 0 , 0 , 0 , 0 
Jerry Staats,San Diego Seals, 2 , 0 , 0 , 0 , 0 , 0 , 0 , 4 , 4 , 0 , 1 , 0 , 0 
Ben Stewart,San Diego Seals, 1 , 0 , 0 , 0 , 0 , 0 , 0 , 0 , 0 , 0 , 0 , 0 , 0 
Jordan Stouros,"Colorado Mammoth, Philadelphia Wings", 1 , 0 , 0 , 0 , 0 , 0 , 0 , 1 , 2 , 0 , 1 , 0 , 0 
Matt Sykes,San Diego Seals, 5 , 0 , 0 , 0 , 0 , 0 , 0 , 11 , 0 , 1 , 2 , 1 , 0 
Nonkon Thompson,Halifax Thunderbirds, 6 , 0 , 0 , 0 , 0 , 0 , 3 , 14 , 27 , 2 , 3 , 1 , 0 
Jeff Trainor,Albany FireWolves, 2 , 0 , 0 , 0 , 0 , 0 , 1 , 10 , 0 , 2 , 0 , 0 , 0 
Jordan Trottier,Halifax Thunderbirds, 5 , 0 , 0 , 0 , 0 , 0 , 4 , 8 , 7 , 1 , 0 , 3 , 0 
Erik Turner,Las Vegas Desert Dogs, 2 , 0 , 0 , 0 , 0 , 0 , 1 , 6 , 0 , 1 , 0 , 2 , 0 
Joel Watson,Las Vegas Desert Dogs, 14 , 0 , 0 , 0 , 0 , 0 , 0 , 0 , 0 , 0 , 0 , 0 , 0 